old_connect_path,new_docs_url
/orgs/:org_id/launchpad,https://docs.peridio.com/learn
/orgs/:org_id/launchpad/get-started,https://docs.peridio.com/learn
/orgs/:org_id/launchpad/essentials,https://docs.peridio.com/learn
/orgs/:org_id/launchpad/marketplace,https://docs.peridio.com/learn
/orgs/:org_id/launchpad/sequence,https://docs.peridio.com/learn
/orgs/:org_id/launchpad/workflows,https://docs.peridio.com/learn/tutorials
/orgs/:org_id/launchpad/platform,https://docs.peridio.com/avocado-connect/overview
/orgs/:org_id/launchpad/hardware,https://docs.peridio.com/learn/dev-kit-to-production
/orgs/:org_id/launchpad/project-walkthrough,https://docs.peridio.com/avocado-connect/projects
/orgs/:org_id/launchpad/concepts,https://docs.peridio.com/avocado-os/core-concepts
/orgs/:org_id/launchpad/qemu-quickstart,https://docs.peridio.com/learn/get-started/qemu
/orgs/:org_id/launchpad/heartbeat-guide,https://docs.peridio.com/learn/tutorials/device-heartbeat
/orgs/:org_id/launchpad/react-guide,https://docs.peridio.com/learn/tutorials/react-cross-compile
/orgs/:org_id/launchpad/rust-guide,https://docs.peridio.com/learn/tutorials/rust-cross-compile
/orgs/:org_id/launchpad/ota-guide,https://docs.peridio.com/learn/missions/first-ota
/orgs/:org_id/launchpad/remote-app-guide,https://docs.peridio.com/learn/missions/remote-app
/orgs/:org_id/launchpad/pi-gateway-guide,https://docs.peridio.com/learn/missions/pi-gateway
/orgs/:org_id/launchpad/jetson-vision-guide,https://docs.peridio.com/learn/missions/jetson-vision
/orgs/:org_id/launchpad/provision/jetson-orin-nano,https://docs.peridio.com/hardware/nvidia/jetson-orin-nano-developer-kit
/orgs/:org_id/launchpad/provision/nxp-imx8mp,https://docs.peridio.com/hardware/nxp/imx8mp
/orgs/:org_id/launchpad/provision/onlogic-fr201,https://docs.peridio.com/hardware/onlogic/fr201
/orgs/:org_id/launchpad/provision/raspberry-pi-4,https://docs.peridio.com/hardware/raspberry-pi/raspberry-pi-4-model-b
/orgs/:org_id/launchpad/provision/raspberry-pi-5,https://docs.peridio.com/hardware/raspberry-pi/raspberry-pi-5
/orgs/:org_id/launchpad/provision/seeed-reterminal,https://docs.peridio.com/hardware/seeed/reterminal
/orgs/:org_id/launchpad/projects-guide,https://docs.peridio.com/avocado-connect/projects
/orgs/:org_id/launchpad/fleet-guide,https://docs.peridio.com/avocado-connect/fleet
/orgs/:org_id/launchpad/runtimes-guide,https://docs.peridio.com/avocado-connect/runtimes
/orgs/:org_id/launchpad/deploy-guide,https://docs.peridio.com/avocado-connect/deployments
/orgs/:org_id/launchpad/cohorts-guide,https://docs.peridio.com/avocado-connect/deployments#cohorts
/orgs/:org_id/launchpad/provisioning-guide,https://docs.peridio.com/avocado-connect/getting-started#claim-tokens
/orgs/:org_id/launchpad/groups-guide,https://docs.peridio.com/avocado-connect/device-groups
/orgs/:org_id/launchpad/remote-access-guide,https://docs.peridio.com/avocado-connect/tunnels
/orgs/:org_id/launchpad/signing-guide,https://docs.peridio.com/avocado-connect/code-signing
/orgs/:org_id/launchpad/api-tokens-guide,https://docs.peridio.com/avocado-connect/api-tokens
/orgs/:org_id/launchpad/access-control-guide,https://docs.peridio.com/avocado-connect/access-control
/orgs/:org_id/launchpad/team-guide,https://docs.peridio.com/avocado-connect/team
/orgs/:org_id/launchpad/billing-guide,https://docs.peridio.com/avocado-connect/billing
/orgs/:org_id/launchpad/*,https://docs.peridio.com/learn

old_docs_path,new_docs_path
/developer-reference/getting-started,/learn/get-started
/developer-reference/getting-started/qemu,/learn/get-started/qemu
/developer-reference/getting-started/raspberry-pi,/learn/get-started/raspberry-pi
/developer-reference/getting-started/jetson,/learn/get-started/jetson
/developer-reference/getting-started/frdm-imx93,/learn/get-started/frdm-imx93
/developer-reference/getting-started/any-target,/learn/get-started/any-target
/developer-reference/getting-started/download,/developer-reference/avocado-cli/installation
